Bowl,Date,Winner,Played,Semi,Natty
Alamo,12/29/22,,FALSE,FALSE,FALSE
Orange,12/30/22,,FALSE,FALSE,FALSE
Gator,12/30/22,,FALSE,FALSE,FALSE
Fiesta,12/31/22,,FALSE,TRUE,FALSE
Peach,12/31/22,,FALSE,TRUE,FALSE
Sugar,12/31/22,,FALSE,FALSE,FALSE
Rose,1/2/23,,FALSE,FALSE,FALSE
Citrus,1/2/23,,FALSE,FALSE,FALSE
Cotton,1/2/23,,FALSE,FALSE,FALSE
Natty,1/9/23,,FALSE,FALSE,TRUE